Query,Result
Canoo Industry ,"breakthrough electric vehicles, Tesla, Top 10 Canoo competitors, talks ultimately did not move forward, , , , production, headquarters, for sale, van, car price, careers"
Size of electric vehicle industry ,"USD 384.65 billion in 2022, 14 million, 62% to 86% of global sales, Tesla, , ev market, mckinsey, market, in india, in india, global ev market, forecast 2030, analysis, growth projections, ev market growth"
Growth rate of ev industry,"45.5%, 49 percent compound annual growth rate (CAGR) in India's domestic electric vehicle market between 2022 to 2030, 7.6 million units by 2035, Read below and check out our list of the top EV companies worldwide., 7.6%, , , , , , electric vehicle, projections, market size in india, market size mckinsey, electric vehicle market analysis pdf, market share by company, global, market size"
Canoo competitors,"Top 10 Canoo competitors, breakthrough electric vehicles, Vanguard Group Inc, to be part of a growing region of EV research, development and manufacturing, Stefan Krause, , sono motors, rivian, is, a good investment, stock price prediction 2030"
Market Share of Rivian,"0.34%, 10% EV market share by 2030, Rivian should reach positive gross margin in 2024 but larger volumes are not expected until later this decade and an additional capital raise will be needed to support future growth, $15.61 Billion, , , , news, gm ev, stock price prediction 2025, r2, nyse rivn"
Products of Rivian,"electric sport utility vehicle (SUV) and pickup truck, automotive technology, $78 a share, electric motor and battery technology, Rivian's vehicles are larger and start at $73,000, , who owns, truck, r1t, is, owned by tesla, r1s, who makes, r1s price"
Marketing of Rivian,"advertising, public relations, and personal selling, consumers who are interested in electric vehicles, as well as legacy OEMs (Original Equipment Manufacturers) who are shifting towards electric vehicles, $24 million in 2019 and $5 million in 2020, , , , Rivian, , , advertising, who owns, target market, budget, strategy, is, owned by tesla"
Consumer behaviour in EV market,"38 percent of consumers feel their nearby areas lack a sufficient network of charging infrastructure, EV sales will continue to grow, fuel savings (69%), environmental benefits (56%), and performance/driving experience (31%), they want to get more than 310 miles per full charge, towards electric vehicles, india, key factors influencing consumers' purchase of electric vehicles, buying, towards e vehicle, india by 2025"
Advancements in EV market,"Advancements in lithium batteries have reduced EV battery costs by 90% since 2008, The global electric vehicle market size is estimated at USD 384.65 billion in 2022 and is projected to grow from USD 500.48 billion in 2023 to USD 1,579.10 billion by 2030, expected to reach USD 951.9 billion by 2030, Solid-state batteries, Greater China, , , , , , , electric vehicle, analysis pdf, future, technology, recent trends, electric vehicles ppt, electric vehicle growth projections, electric vehicle forecast 2030, trends"
Competitive shift in EV market,"Segmented markets and high-quality EV products have become competitive hotspots, Segmented markets and high-quality EV products have become competitive hotspots, projected to grow from USD 500.48 billion in 2023 to USD 1,579.10 billion by 2030, Hyundai and Kia have enjoyed high demand for their EVs, In the intense competition to dominate the US electric vehicle (EV) market, 10 Biggest Challenges Facing the EV Industry Today, , electric vehicle, analysis pdf, competition heats up for tesla, electric vehicle challenges, india, challenges, adoption, india, competition, the"
Canoo inc revenue,"$163.17 million, Moderate Buy, Charles Schwab Investment Management Inc., , employees, financial statements, news, funding, balance sheet"
RoI of Canoo motors,"Moderate Buy, Canoo seems to be undervalued, return on investment, Cars, Canoo, camper van price, how many vehicles has, made, walmart, press release"
Expense structure of Canoo,"Moderate Buy, breakthrough electric vehicles, , $45 million, balance sheet, financial statements, news, 2023 news"
